<?xml version="1.0" encoding="UTF-8"?>
<modification>
    <id>DB Cache for OC</id>
    <version>1.5.x and above</version>
    <vqmver required="true">2.3.0</vqmver>
    <author>PN Solutions</author>

    <file name="system/startup.php">
		<operation>
		<search position="before" offset="0"><![CDATA[require_once(DIR_SYSTEM . 'library/db.php');]]></search>
		<add><![CDATA[require_once(DIR_SYSTEM . 'library/pnsols/db_cache.php');]]></add>
		</operation>
	</file>
	
    <file name="system/library/response.php">
		<operation>
		<search position="after" offset="1"><![CDATA[echo $output;]]></search>
		<add><![CDATA[
		$dbCache = DbCache::getInstance();
$dbCache->saveCacheToFile();
		]]></add>
		</operation>
	</file>
	
    <file name="system/library/db.php">
		<operation>
		<search position="replace"><![CDATA[return $this->driver->query($sql);]]></search>
           <add><![CDATA[
               return DbCache::processDbQuery($this, $sql);
               }

           public function queryNonCache($sql) {
        return $this->driver->query($sql);
           ]]></add>
		</operation>
	</file>
</modification>